email,password
user000@gatling.com,abcdefgh
user001@gatling.com,abcdefgh
user002@gatling.com,abcdefgh
user003@gatling.com,abcdefgh
user004@gatling.com,abcdefgh
user005@gatling.com,abcdefgh
user006@gatling.com,abcdefgh
user007@gatling.com,abcdefgh
user008@gatling.com,abcdefgh
user009@gatling.com,abcdefgh
user010@gatling.com,abcdefgh
user011@gatling.com,abcdefgh
user012@gatling.com,abcdefgh
user013@gatling.com,abcdefgh
user014@gatling.com,abcdefgh
user015@gatling.com,abcdefgh
user016@gatling.com,abcdefgh
user017@gatling.com,abcdefgh
user018@gatling.com,abcdefgh
user019@gatling.com,abcdefgh
user020@gatling.com,abcdefgh
user021@gatling.com,abcdefgh
user022@gatling.com,abcdefgh
user023@gatling.com,abcdefgh
user024@gatling.com,abcdefgh
user025@gatling.com,abcdefgh
user026@gatling.com,abcdefgh
user027@gatling.com,abcdefgh
user028@gatling.com,abcdefgh
user029@gatling.com,abcdefgh
user030@gatling.com,abcdefgh
user031@gatling.com,abcdefgh
user032@gatling.com,abcdefgh
user033@gatling.com,abcdefgh
user034@gatling.com,abcdefgh
user035@gatling.com,abcdefgh
user036@gatling.com,abcdefgh
user037@gatling.com,abcdefgh
user038@gatling.com,abcdefgh
user039@gatling.com,abcdefgh
user040@gatling.com,abcdefgh
user041@gatling.com,abcdefgh
user042@gatling.com,abcdefgh
user043@gatling.com,abcdefgh
user044@gatling.com,abcdefgh
user045@gatling.com,abcdefgh
user046@gatling.com,abcdefgh
user047@gatling.com,abcdefgh
user048@gatling.com,abcdefgh
user049@gatling.com,abcdefgh
user050@gatling.com,abcdefgh
user051@gatling.com,abcdefgh
user052@gatling.com,abcdefgh
user053@gatling.com,abcdefgh
user054@gatling.com,abcdefgh
user055@gatling.com,abcdefgh
user056@gatling.com,abcdefgh
user057@gatling.com,abcdefgh
user058@gatling.com,abcdefgh
user059@gatling.com,abcdefgh
user060@gatling.com,abcdefgh
user061@gatling.com,abcdefgh
user062@gatling.com,abcdefgh
user063@gatling.com,abcdefgh
user064@gatling.com,abcdefgh
user065@gatling.com,abcdefgh
user066@gatling.com,abcdefgh
user067@gatling.com,abcdefgh
user068@gatling.com,abcdefgh
user069@gatling.com,abcdefgh
user070@gatling.com,abcdefgh
user071@gatling.com,abcdefgh
user072@gatling.com,abcdefgh
user073@gatling.com,abcdefgh
user074@gatling.com,abcdefgh
user075@gatling.com,abcdefgh
user076@gatling.com,abcdefgh
user077@gatling.com,abcdefgh
user078@gatling.com,abcdefgh
user079@gatling.com,abcdefgh
user080@gatling.com,abcdefgh
user081@gatling.com,abcdefgh
user082@gatling.com,abcdefgh
user083@gatling.com,abcdefgh
user084@gatling.com,abcdefgh
user085@gatling.com,abcdefgh
user086@gatling.com,abcdefgh
user087@gatling.com,abcdefgh
user088@gatling.com,abcdefgh
user089@gatling.com,abcdefgh
user090@gatling.com,abcdefgh
user091@gatling.com,abcdefgh
user092@gatling.com,abcdefgh
user093@gatling.com,abcdefgh
user094@gatling.com,abcdefgh
user095@gatling.com,abcdefgh
user096@gatling.com,abcdefgh
user097@gatling.com,abcdefgh
user098@gatling.com,abcdefgh
user099@gatling.com,abcdefgh
user100@gatling.com,abcdefgh
user101@gatling.com,abcdefgh
user102@gatling.com,abcdefgh
user103@gatling.com,abcdefgh
user104@gatling.com,abcdefgh
user105@gatling.com,abcdefgh
user106@gatling.com,abcdefgh
user107@gatling.com,abcdefgh
user108@gatling.com,abcdefgh
user109@gatling.com,abcdefgh
user110@gatling.com,abcdefgh
user111@gatling.com,abcdefgh
user112@gatling.com,abcdefgh
user113@gatling.com,abcdefgh
user114@gatling.com,abcdefgh
user115@gatling.com,abcdefgh
user116@gatling.com,abcdefgh
user117@gatling.com,abcdefgh
user118@gatling.com,abcdefgh
user119@gatling.com,abcdefgh
user120@gatling.com,abcdefgh
user121@gatling.com,abcdefgh
user122@gatling.com,abcdefgh
user123@gatling.com,abcdefgh
user124@gatling.com,abcdefgh
user125@gatling.com,abcdefgh
user126@gatling.com,abcdefgh
user127@gatling.com,abcdefgh
user128@gatling.com,abcdefgh
user129@gatling.com,abcdefgh
user130@gatling.com,abcdefgh
user131@gatling.com,abcdefgh
user132@gatling.com,abcdefgh
user133@gatling.com,abcdefgh
user134@gatling.com,abcdefgh
user135@gatling.com,abcdefgh
user136@gatling.com,abcdefgh
user137@gatling.com,abcdefgh
user138@gatling.com,abcdefgh
user139@gatling.com,abcdefgh
user140@gatling.com,abcdefgh
user141@gatling.com,abcdefgh
user142@gatling.com,abcdefgh
user143@gatling.com,abcdefgh
user144@gatling.com,abcdefgh
user145@gatling.com,abcdefgh
user146@gatling.com,abcdefgh
user147@gatling.com,abcdefgh
user148@gatling.com,abcdefgh
user149@gatling.com,abcdefgh
user150@gatling.com,abcdefgh
user151@gatling.com,abcdefgh
user152@gatling.com,abcdefgh
user153@gatling.com,abcdefgh
user154@gatling.com,abcdefgh
user155@gatling.com,abcdefgh
user156@gatling.com,abcdefgh
user157@gatling.com,abcdefgh
user158@gatling.com,abcdefgh
user159@gatling.com,abcdefgh
user160@gatling.com,abcdefgh
user161@gatling.com,abcdefgh
user162@gatling.com,abcdefgh
user163@gatling.com,abcdefgh
user164@gatling.com,abcdefgh
user165@gatling.com,abcdefgh
user166@gatling.com,abcdefgh
user167@gatling.com,abcdefgh
user168@gatling.com,abcdefgh
user169@gatling.com,abcdefgh
user170@gatling.com,abcdefgh
user171@gatling.com,abcdefgh
user172@gatling.com,abcdefgh
user173@gatling.com,abcdefgh
user174@gatling.com,abcdefgh
user175@gatling.com,abcdefgh
user176@gatling.com,abcdefgh
user177@gatling.com,abcdefgh
user178@gatling.com,abcdefgh
user179@gatling.com,abcdefgh
user180@gatling.com,abcdefgh
user181@gatling.com,abcdefgh
user182@gatling.com,abcdefgh
user183@gatling.com,abcdefgh
user184@gatling.com,abcdefgh
user185@gatling.com,abcdefgh
user186@gatling.com,abcdefgh
user187@gatling.com,abcdefgh
user188@gatling.com,abcdefgh
user189@gatling.com,abcdefgh
user190@gatling.com,abcdefgh
user191@gatling.com,abcdefgh
user192@gatling.com,abcdefgh
user193@gatling.com,abcdefgh
user194@gatling.com,abcdefgh
user195@gatling.com,abcdefgh
user196@gatling.com,abcdefgh
user197@gatling.com,abcdefgh
user198@gatling.com,abcdefgh
user199@gatling.com,abcdefgh
